candidate_id,family,parameters,threshold,f1_positive,precision,recall,pr_auc,roc_auc
nn_config_5,NeuralNetwork,"{""batch_size"": 128, ""dropout_rate"": 0.4, ""epochs"": 50, ""learning_rate"": 0.0005}",0.5957959890365601,0.6591894998331541,0.6250527351989875,0.6972703741469919,0.7214264713644563,0.8819232920040554
nn_config_3,NeuralNetwork,"{""batch_size"": 128, ""dropout_rate"": 0.3, ""epochs"": 50, ""learning_rate"": 0.001}",0.6406447291374207,0.6578093383728477,0.6408063076465338,0.675739273668523,0.7247625250960017,0.8816379533262872
rf_default,RandomForest,"{""n_estimators"": 100}",0.4300000071525574,0.6574290124564741,0.606102727032036,0.7182524119538788,0.7167763126414053,0.8831327012074712
nn_config_4,NeuralNetwork,"{""batch_size"": 64, ""dropout_rate"": 0.3, ""epochs"": 50, ""learning_rate"": 0.0005}",0.6236681938171387,0.6569286309358512,0.6221552056667953,0.695819279943525,0.725502428969528,0.8820509743604177
nn_config_2,NeuralNetwork,"{""batch_size"": 64, ""dropout_rate"": 0.3, ""epochs"": 50, ""learning_rate"": 0.001}",0.6077144145965576,0.6567403546499972,0.6134204882034522,0.7066436583261432,0.7265706658260782,0.8818606408492983
nn_config_1,NeuralNetwork,"{""batch_size"": 64, ""dropout_rate"": 0.2, ""epochs"": 50, ""learning_rate"": 0.001}",0.5941824913024902,0.6530257172372547,0.6070285386973955,0.7065652208016315,0.7227102946310415,0.8798292828670085
lr_C=0.01_class_weight=None,LogisticRegression,"{""C"": 0.01, ""class_weight"": null}",0.6177053451538086,0.6331724682092592,0.5949515500534501,0.6766413052004079,0.6897354797523996,0.8672770069205824
lr_C=0.01_class_weight=balanced,LogisticRegression,"{""C"": 0.01, ""class_weight"": ""balanced""}",0.6177053451538086,0.6331724682092592,0.5949515500534501,0.6766413052004079,0.6897354797523996,0.8672770069205824
lr_C=0.1_class_weight=None,LogisticRegression,"{""C"": 0.1, ""class_weight"": null}",0.6279832124710083,0.6330283741904356,0.6007960829898904,0.6689152090360029,0.6891263768320831,0.8672389455083394
lr_C=0.1_class_weight=balanced,LogisticRegression,"{""C"": 0.1, ""class_weight"": ""balanced""}",0.6279832124710083,0.6330283741904356,0.6007960829898904,0.6689152090360029,0.6891263768320831,0.8672389455083394
gbc_default,GradientBoosting,"{""learning_rate"": 0.1, ""n_estimators"": 100}",0.5167121887207031,0.6329742857672556,0.6002250272493935,0.6695034904698408,0.698642591865017,0.8668405694972541
lr_C=10000_class_weight=None,LogisticRegression,"{""C"": 10000, ""class_weight"": null}",0.624880313873291,0.6328805101192126,0.5984898800992764,0.6714644285826339,0.6890210404303886,0.8672155560135819
lr_C=10000_class_weight=balanced,LogisticRegression,"{""C"": 10000, ""class_weight"": ""balanced""}",0.624880313873291,0.6328805101192126,0.5984898800992764,0.6714644285826339,0.6890210404303886,0.8672155560135819
lr_C=1000_class_weight=None,LogisticRegression,"{""C"": 1000, ""class_weight"": null}",0.6248807907104492,0.6328805101192126,0.5984898800992764,0.6714644285826339,0.6890210311674363,0.8672155513459517
lr_C=1000_class_weight=balanced,LogisticRegression,"{""C"": 1000, ""class_weight"": ""balanced""}",0.6248807907104492,0.6328805101192126,0.5984898800992764,0.6714644285826339,0.6890210311674363,0.8672155513459517
lr_C=100_class_weight=None,LogisticRegression,"{""C"": 100, ""class_weight"": null}",0.624883234500885,0.6328805101192126,0.5984898800992764,0.6714644285826339,0.6890211117799556,0.8672155749063708
lr_C=100_class_weight=balanced,LogisticRegression,"{""C"": 100, ""class_weight"": ""balanced""}",0.624883234500885,0.6328805101192126,0.5984898800992764,0.6714644285826339,0.6890211117799556,0.8672155749063708
lr_C=10_class_weight=None,LogisticRegression,"{""C"": 10, ""class_weight"": null}",0.6244921088218689,0.6328721065563171,0.5982258233506793,0.6717781786806808,0.6890225193928222,0.8672159078639892
lr_C=10_class_weight=balanced,LogisticRegression,"{""C"": 10, ""class_weight"": ""balanced""}",0.6244921088218689,0.6328721065563171,0.5982258233506793,0.6717781786806808,0.6890225193928222,0.8672159078639892
lr_C=1_class_weight=None,LogisticRegression,"{""C"": 1, ""class_weight"": null}",0.619495153427124,0.63284820232349,0.5947428334885646,0.6761706800533375,0.6890319831081467,0.8672184590572766
lr_C=1_class_weight=balanced,LogisticRegression,"{""C"": 1, ""class_weight"": ""balanced""}",0.619495153427124,0.63284820232349,0.5947428334885646,0.6761706800533375,0.6890319831081467,0.8672184590572766
ada_default,AdaBoost,"{""learning_rate"": 1.0, ""n_estimators"": 50}",0.5009558796882629,0.6125569925665726,0.5592665781204444,0.6770727115852224,0.6659444875510009,0.8510461800872218
dt_default,DecisionTree,{},0.4736842215061188,0.5376444078829715,0.49414858645627874,0.5895364342301357,0.38339213664239363,0.7075695641195183
